username,password,firstName,lastName,address1,address2
user21,pass21,User21,Two,Street 2,Apt 2
user31,pass31,User31,Three,Street 3,Apt 3
user41,pass41,User41,Four,Street 4,Apt 4
user51,pass51,User51,Five,Street 5,Apt 5
user61,pass61,User61,Six,Street 6,Apt 6
user71,pass71,User71,Seven,Street 7,Apt 7
user81,pass81,User81,Eight,Street 8,Apt 8
user91,pass91,User91,Nine,Street 9,Apt 9
user101,pass101,User101,Ten,Street 10,Apt 10
user111,pass111,User111,Eleven,Street 11,Apt 11
user121,pass121,User121,Twelve,Street 12,Apt 12
user131,pass131,User131,Thirteen,Street 13,Apt 13
user141,pass141,User141,Fourteen,Street 14,Apt 14
user151,pass151,User151,Fifteen,Street 15,Apt 15
user161,pass161,User161,Sixteen,Street 16,Apt 16
user171,pass171,User171,Seventeen,Street 17,Apt 17
user181,pass181,User181,Eighteen,Street 18,Apt 18
user191,pass191,User191,Nineteen,Street 19,Apt 19
user201,pass201,User201,Twenty,Street 20,Apt 20
user211,pass211,User211,TwentyOne,Street 21,Apt 21
user221,pass221,User221,TwentyTwo,Street 22,Apt 22
user231,pass231,User231,TwentyThree,Street 23,Apt 23
user241,pass241,User241,TwentyFour,Street 24,Apt 24
user251,pass251,User251,TwentyFive,Street 25,Apt 25
user261,pass261,User261,TwentySix,Street 26,Apt 26
user271,pass271,User271,TwentySeven,Street 27,Apt 27
user281,pass281,User281,TwentyEight,Street 28,Apt 28
user291,pass291,User291,TwentyNine,Street 29,Apt 29
user301,pass301,User301,Thirty,Street 30,Apt 30
user311,pass311,User311,ThirtyOne,Street 31,Apt 31
user321,pass321,User321,ThirtyTwo,Street 32,Apt 32
user331,pass331,User331,ThirtyThree,Street 33,Apt 33
user341,pass341,User341,ThirtyFour,Street 34,Apt 34
user351,pass351,User351,ThirtyFive,Street 35,Apt 35
user361,pass361,User361,ThirtySix,Street 36,Apt 36
user371,pass371,User371,ThirtySeven,Street 37,Apt 37
user381,pass381,User381,ThirtyEight,Street 38,Apt 38
user391,pass391,User391,ThirtyNine,Street 39,Apt 39
user401,pass401,User401,Forty,Street 40,Apt 40
user411,pass411,User411,FortyOne,Street 41,Apt 41
user421,pass421,User421,FortyTwo,Street 42,Apt 42
user431,pass431,User431,FortyThree,Street 43,Apt 43
user441,pass441,User441,FortyFour,Street 44,Apt 44
user451,pass451,User451,FortyFive,Street 45,Apt 45
user461,pass461,User461,FortySix,Street 46,Apt 46
user471,pass471,User471,FortySeven,Street 47,Apt 47
user481,pass481,User481,FortyEight,Street 48,Apt 48
user491,pass491,User491,FortyNine,Street 49,Apt 49
user501,pass501,User501,Fifty,Street 50,Apt 50
user511,pass511,User511,FiftyOne,Street 51,Apt 51
user521,pass521,User521,FiftyTwo,Street 52,Apt 52
user531,pass531,User531,FiftyThree,Street 53,Apt 53
user541,pass541,User541,FiftyFour,Street 54,Apt 54
user551,pass551,User551,FiftyFive,Street 55,Apt 55
user561,pass561,User561,FiftySix,Street 56,Apt 56
user571,pass571,User571,FiftySeven,Street 57,Apt 57
user581,pass581,User581,FiftyEight,Street 58,Apt 58
user591,pass591,User591,FiftyNine,Street 59,Apt 59
user601,pass601,User601,Sixty,Street 60,Apt 60
user611,pass611,User611,SixtyOne,Street 61,Apt 61
user621,pass621,User621,SixtyTwo,Street 62,Apt 62
user631,pass631,User631,SixtyThree,Street 63,Apt 63
user641,pass641,User641,SixtyFour,Street 64,Apt 64
user651,pass651,User651,SixtyFive,Street 65,Apt 65
user661,pass661,User661,SixtySix,Street 66,Apt 66
user671,pass671,User671,SixtySeven,Street 67,Apt 67
user681,pass681,User681,SixtyEight,Street 68,Apt 68
user691,pass691,User691,SixtyNine,Street 69,Apt 69
user701,pass701,User701,Seventy,Street 70,Apt 70
user711,pass711,User711,SeventyOne,Street 71,Apt 71
user721,pass721,User721,SeventyTwo,Street 72,Apt 72
user731,pass731,User731,SeventyThree,Street 73,Apt 73
user741,pass741,User741,SeventyFour,Street 74,Apt 74
user751,pass751,User751,SeventyFive,Street 75,Apt 75
user761,pass761,User761,SeventySix,Street 76,Apt 76
user771,pass771,User771,SeventySeven,Street 77,Apt 77
user781,pass781,User781,SeventyEight,Street 78,Apt 78
user791,pass791,User791,SeventyNine,Street 79,Apt 79
user801,pass801,User801,Eighty,Street 80,Apt 80
user811,pass811,User811,EightyOne,Street 81,Apt 81
user821,pass821,User821,EightyTwo,Street 82,Apt 82
user831,pass831,User831,EightyThree,Street 83,Apt 83
user841,pass841,User841,EightyFour,Street 84,Apt 84
user851,pass851,User851,EightyFive,Street 85,Apt 85
user861,pass861,User861,EightySix,Street 86,Apt 86
user871,pass871,User871,EightySeven,Street 87,Apt 87
user881,pass881,User881,EightyEight,Street 88,Apt 88
user891,pass891,User891,EightyNine,Street 89,Apt 89
user901,pass901,User901,Ninety,Street 90,Apt 90
user911,pass911,User911,NinetyOne,Street 91,Apt 91
user921,pass921,User921,NinetyTwo,Street 92,Apt 92
user931,pass931,User931,NinetyThree,Street 93,Apt 93
user941,pass941,User941,NinetyFour,Street 94,Apt 94
user951,pass951,User951,NinetyFive,Street 95,Apt 95
user961,pass961,User961,NinetySix,Street 96,Apt 96
user971,pass971,User971,NinetySeven,Street 97,Apt 97
user981,pass981,User981,NinetyEight,Street 98,Apt 98
user991,pass991,User991,NinetyNine,Street 99,Apt 99
user1001,pass1001,User1001,OneHundred,Street 100,Apt 100
user1011,pass1011,User1011,OneHundredOne,Street 101,Apt 101
